unit,subdistrict,population,households,illiteracy_7plus,children_0_6,sc_st,marginal_workers,persons_per_household,hvi
DMC (U) (Part) ward 154 · Connaught Place,Connaught Place,2876,664,0.3701,0.1273,0.2549,0.0163,4.3313,1.0
NDMC (Part) ward 1 · Connaught Place,Connaught Place,12900,3011,0.1789,0.0757,0.2141,0.0277,4.2843,0.483
NDMC (Part) ward 4 · Connaught Place,Connaught Place,6589,1702,0.1912,0.083,0.137,0.025,3.8713,0.421
NDMC (Part) ward 5 · Connaught Place,Connaught Place,5863,1437,0.1938,0.0827,0.1938,0.0152,4.08,0.551
NDMC (Part) ward 3 · Chanakya Puri,Chanakya Puri,5818,1111,0.2198,0.1016,0.3078,0.0138,5.2367,0.836
NDMC (Part) ward 5 · Chanakya Puri,Chanakya Puri,15860,3848,0.2248,0.0855,0.2583,0.0168,4.1216,0.683
NDMC (Part) ward 9 · Chanakya Puri,Chanakya Puri,39704,10115,0.2466,0.1019,0.2319,0.0316,3.9253,0.667
NDMC (Part) ward 2 · Parliament Street,Parliament Street,21936,4687,0.1931,0.0826,0.2387,0.0075,4.6802,0.653
NDMC (Part) ward 3 · Parliament Street,Parliament Street,21097,4498,0.1976,0.084,0.2592,0.017,4.6903,0.652
NDMC (Part) ward 4 · Parliament Street,Parliament Street,7672,1827,0.2177,0.0928,0.226,0.0235,4.1992,0.629
NDMC (Part) ward 5 · Parliament Street,Parliament Street,1689,308,0.0892,0.0574,0.1054,0.0645,5.4838,0.0
